region,charge_per_bmi_point
northeast,460.21641297711824
northwest,426.52945028449625
southeast,447.4298451540024
southwest,400.404474328146
