region,smoker,charges_mean,charges_count,bmi_mean,age_mean
northeast,no,9165.531671708171,257,29.33208171206226,39.536964980544745
northeast,yes,29673.53647283582,67,28.565223880597014,38.23880597014925
northwest,no,8556.463715205993,267,29.21267790262172,39.168539325842694
northwest,yes,30192.003182413795,58,29.14043103448276,39.327586206896555
southeast,no,8032.216308937729,273,33.44241758241758,38.67399267399267
southeast,yes,34844.996823626374,91,33.096703296703296,39.73626373626374
southwest,no,8019.28451307116,267,30.50786516853933,40.18352059925093
southwest,yes,32269.063493620688,58,31.0051724137931,36.10344827586207
