region,charges_mean,charges_median,charges_std,charges_min,charges_max,charges_count,age_mean,age_min,age_max,bmi_mean,bmi_median,smoker_<lambda>,children_mean,children_sum
northeast,13406.384516385804,10057.652025,11255.803065578464,1694.7964,58571.07448,324,39.26851851851852,18,64,29.173503086419753,28.88,20.679012345679013,1.0462962962962963,339
northwest,12417.575373969232,8965.79575,11072.276927579975,1621.3402,60021.39897,325,39.19692307692308,19,64,29.199784615384615,28.88,17.846153846153847,1.1476923076923078,373
southeast,14735.41143760989,9294.131949999999,13971.098588991747,1121.8739,63770.42801,364,38.93956043956044,18,64,33.35598901098901,33.33,25.0,1.0494505494505495,382
southwest,12346.937377292308,8798.593,11557.179100748781,1241.565,52590.82939,325,39.45538461538462,19,64,30.596615384615383,30.3,17.846153846153847,1.1415384615384616,371
